1/3 girl,1/4 girl,1/4 boy,68 boy,75 boy
fuka漫画少女体,dfh窈窕体,,dad70,
uf三分女,dfh纤细体,,popo68,
sdgr,xaga c,,ans69,
sd16,xaga 月影,,ans71,
as58,xaga 星月体,,uf70,
as60,xaga 爱心体,,wld68,
as62,珊瑚礁鲸鱼体,,wld70,
as65窈窕,珊瑚礁鲸鲨体,,清辉体,
fanff维密61,冰洁体,,dfa68,
fanff麻豆,雪豹体,,dfa70,
fanff麻豆2.0,维密体,,dfh68,
dz58,奶糖体,,龙魂68,
dz70,魔岛G01,,龙魂70,
impl68,fc三代玫瑰体,,龙魂73,
impl63超模,咩咩姐姐体,,dz70,
impl62,soom女体,,dz73,
impl63轻肌体,msd,,llt70,
2d63,ae四分,,,
2d64 2.0,ae绵绵体,,,
2d68,gl圆润,,,
珊瑚礁61玖二猫,gl大四,,,
珊瑚礁62圆润体,gem温莎2代,,,
ip sid新,mdd,,,
ip yid,大力力普四,,,
ip eid,uf女体,,,
ip hid,,,,
ans59,,,,
ans66,,,,
ans68,,,,
ae59,,,,
ae63,,,,
ae绵绵体,,,,
luts65,,,,
luts sdf八代体,,,,
春桃3分,,,,
dad64,,,,
白队长肌肉68,,,,
migi63,,,,
xaga c,,,,
xaga d,,,,
xaga新大女,,,,
sng64,,,,
奶糖65,,,,
maskcat57,,,,
pw,,,,
littlemonica,,,,
唤想60,,,,
唤想62,,,,
唤想64,,,,
唤想62灵月体,,,,
谜凰66,,,,
雪豹体,,,,
芋泥清酒体,,,,
龙魂58三代,,,,
龙魂63一代,,,,
龙魂69二代,,,,
dfh58,,,,
dfh68纤巧,,,,
dfh63,,,,
gem温雅体,,,,
gem温妮体,,,,